Ticker,Precio,Tendencia,RSI14,Ret3M %,Ret6M %,Vol20 anual %,Score rápido,Señal rápida
NRGD,26.33,BAJISTA,33.11,-65.3,-68.39,79.49,-8,DESFAVORABLE
MYY,16.89,NEUTRA_BAJISTA,48.07,-1.81,-3.06,20.62,-3,DESFAVORABLE
RWM,15.96,NEUTRA_BAJISTA,48.14,-1.21,-2.75,23.99,-3,DESFAVORABLE
DRV,23.32,NEUTRA_BAJISTA,45.7,-11.2,-2.01,50.68,-3,DESFAVORABLE
EPHE,24.79,NEUTRA_BAJISTA,45.37,-2.02,-0.91,24.36,-3,DESFAVORABLE
DULL,52.71,NEUTRA_BAJISTA,50.61,-36.49,-58.33,107.86,-2,DESFAVORABLE
ETHE,17.45,NEUTRA_BAJISTA,50.79,-31.41,-52.61,58.98,-2,DESFAVORABLE
QETH,21.34,NEUTRA_BAJISTA,50.79,-31.29,-52.44,58.63,-2,DESFAVORABLE
ETHW,15.34,NEUTRA_BAJISTA,50.78,-31.33,-52.43,58.5,-2,DESFAVORABLE
ETHA,16.2,NEUTRA_BAJISTA,50.87,-31.3,-52.42,58.71,-2,DESFAVORABLE
ETHV,31.35,NEUTRA_BAJISTA,50.8,-31.33,-52.41,58.86,-2,DESFAVORABLE
FETH,21.38,NEUTRA_BAJISTA,50.86,-31.3,-52.4,59.07,-2,DESFAVORABLE
CETH,10.7,NEUTRA_BAJISTA,50.87,-31.11,-52.27,58.93,-2,DESFAVORABLE
ETH,20.34,NEUTRA_BAJISTA,50.99,-30.98,-52.01,58.74,-2,DESFAVORABLE
BNKD,51.36,NEUTRA_BAJISTA,40.92,5.91,-29.73,61.69,-2,DESFAVORABLE
UVIX,7.86,NEUTRA_BAJISTA,48.33,43.69,-22.26,183.95,-2,DESFAVORABLE
OEUR,31.73,NEUTRA_BAJISTA,44.74,-4.32,-3.07,24.88,-3,DESFAVORABLE
PLTR,147.93,MIXTA,48.98,-11.87,-20.91,48.99,-2,DESFAVORABLE
EFZ,12.39,NEUTRA_BAJISTA,47.67,-1.35,-4.44,25.45,-3,DESFAVORABLE
FLGR,31.77,NEUTRA_BAJISTA,49.01,-5.4,-5.02,27.8,-3,DESFAVORABLE
MAGX,43.33,MIXTA,43.21,-22.35,-21.73,58.09,-3,DESFAVORABLE
SPYU,21.84,MIXTA,45.01,-20.83,-20.86,73.02,-3,DESFAVORABLE
QQQU,43.08,MIXTA,43.4,-21.93,-20.34,57.77,-3,DESFAVORABLE
SKRE,8.22,NEUTRA_BAJISTA,40.5,-8.8,-19.47,32.91,-3,DESFAVORABLE
DGZ,4.9,NEUTRA_BAJISTA,47.25,-12.43,-18.68,53.43,-3,DESFAVORABLE
ACN,198.95,NEUTRA_BAJISTA,44.45,-23.47,-18.58,33.45,-3,DESFAVORABLE
BJK,35.32,NEUTRA_BAJISTA,49.51,-13.66,-18.02,25.51,-3,DESFAVORABLE
NVAX,7.97,MIXTA,35.67,11.78,-16.54,55.91,-3,DESFAVORABLE
SMIN,61.52,NEUTRA_BAJISTA,48.4,-12.13,-13.28,28.82,-3,DESFAVORABLE
NXPI,197.08,NEUTRA_BAJISTA,44.9,-10.47,-12.61,30.97,-3,DESFAVORABLE
SMHB,3.64,NEUTRA_BAJISTA,46.88,-5.14,-12.51,48.48,-3,DESFAVORABLE
NRG,149.8,NEUTRA_BAJISTA,45.91,-9.56,-9.95,53.19,-3,DESFAVORABLE
DHR,192.12,NEUTRA_BAJISTA,46.23,-16.44,-8.34,29.6,-3,DESFAVORABLE
PHO,67.76,NEUTRA_BAJISTA,47.27,-4.24,-6.49,17.27,-3,DESFAVORABLE
EWG,40.21,NEUTRA_BAJISTA,48.69,-5.52,-5.32,28.12,-3,DESFAVORABLE
SBB,13.0,NEUTRA_BAJISTA,45.94,-3.21,-4.55,20.68,-3,DESFAVORABLE
AMZZ,25.55,NEUTRA_BAJISTA,51.5,-15.63,-16.27,56.53,-2,DESFAVORABLE
MCHI,55.83,MIXTA,41.64,-10.3,-15.64,23.18,-2,DESFAVORABLE
FLCH,22.31,MIXTA,41.0,-9.53,-14.17,22.35,-2,DESFAVORABLE
QQQ,588.5,MIXTA,48.97,-3.89,-2.6,22.29,-2,DESFAVORABLE
USXF,56.2,MIXTA,49.63,-2.97,-2.33,22.48,-2,DESFAVORABLE
QAT,18.64,MIXTA,47.54,-0.98,-2.13,17.97,-2,DESFAVORABLE
TTAI,29.9,MIXTA,47.17,-4.9,-2.06,27.67,-2,DESFAVORABLE
VNM,17.15,MIXTA,46.68,-10.26,-1.91,30.28,-2,DESFAVORABLE
NTSX,52.74,MIXTA,48.38,-3.55,-1.86,21.42,-2,DESFAVORABLE
USSG,60.45,MIXTA,47.13,-4.92,-1.73,19.54,-2,DESFAVORABLE
ESGU,143.52,MIXTA,49.24,-3.55,-1.44,18.81,-2,DESFAVORABLE
SUSA,134.05,MIXTA,48.58,-3.78,-1.32,18.13,-2,DESFAVORABLE
SPY,658.93,MIXTA,48.53,-3.28,-0.98,18.34,-2,DESFAVORABLE
VOO,605.67,MIXTA,48.49,-3.3,-0.97,18.27,-2,DESFAVORABLE
IVV,661.86,MIXTA,48.48,-3.29,-0.97,18.28,-2,DESFAVORABLE
SPLG,77.19,MIXTA,46.41,-3.54,-0.93,18.63,-2,DESFAVORABLE
EWUS,40.34,MIXTA,47.72,-3.6,-0.43,26.86,-2,DESFAVORABLE
CURE,90.93,MIXTA,39.77,-19.26,0.85,46.1,-2,DESFAVORABLE
UAE,18.37,MIXTA,45.06,-4.4,-2.78,43.79,-2,DESFAVORABLE
NVD,7.29,NEUTRA_BAJISTA,48.47,4.44,-3.52,71.4,-2,DESFAVORABLE
ESGV,113.99,MIXTA,48.29,-5.58,-3.85,21.13,-2,DESFAVORABLE
USML,40.89,MIXTA,46.01,-1.38,-4.27,21.65,-2,DESFAVORABLE
TECH,53.8,MIXTA,49.25,-9.69,-13.12,37.0,-2,DESFAVORABLE
ARKG,27.26,MIXTA,49.83,-6.58,-8.55,46.11,-2,DESFAVORABLE
VUG,444.08,MIXTA,47.24,-8.56,-7.92,24.67,-2,DESFAVORABLE
BOTZ,33.59,MIXTA,41.38,-8.5,-7.09,31.03,-2,DESFAVORABLE
PFFL,7.86,MIXTA,45.83,-3.74,-7.0,24.05,-2,DESFAVORABLE
BERZ,61.62,NEUTRA_BAJISTA,47.15,8.87,-6.92,98.65,-2,DESFAVORABLE
TMO,488.19,MIXTA,46.01,-17.52,-6.84,28.69,-2,DESFAVORABLE
SVIX,16.47,MIXTA,45.18,-33.24,-22.13,89.44,-3,DESFAVORABLE
AVGO,314.43,MIXTA,47.38,-9.36,-6.65,41.02,-2,DESFAVORABLE
IYW,186.55,MIXTA,49.96,-6.64,-5.95,28.3,-2,DESFAVORABLE
NVDA,177.64,MIXTA,49.37,-5.93,-5.95,35.08,-2,DESFAVORABLE
SSO,53.22,MIXTA,47.31,-8.2,-5.52,36.59,-2,DESFAVORABLE
SPUU,169.6,MIXTA,47.48,-8.14,-5.32,36.74,-2,DESFAVORABLE
SPYG,99.69,MIXTA,47.65,-6.49,-4.92,25.15,-2,DESFAVORABLE
TYD,24.44,MIXTA,43.27,-3.22,-4.87,19.71,-2,DESFAVORABLE
QULL,53.25,MIXTA,46.44,-6.22,-4.28,38.5,-2,DESFAVORABLE
ZIVB,8.45,MIXTA,45.46,-10.01,-5.98,32.58,-2,DESFAVORABLE
TECL,93.8,MIXTA,48.32,-20.53,-23.26,82.26,-3,DESFAVORABLE
SPXL,191.98,MIXTA,46.53,-13.18,-10.31,54.92,-2,DESFAVORABLE
RETL,7.74,MIXTA,48.84,-17.56,-24.53,60.14,-3,DESFAVORABLE
FNGU,16.85,BAJISTA,45.43,-30.17,-42.73,82.68,-6,DESFAVORABLE
WANT,36.2,BAJISTA,41.79,-25.82,-31.58,75.74,-6,DESFAVORABLE
AIBU,37.89,BAJISTA,47.22,-23.61,-30.77,62.29,-6,DESFAVORABLE
FNGO,91.81,BAJISTA,46.92,-18.71,-27.28,55.79,-6,DESFAVORABLE
FNGG,161.28,BAJISTA,46.9,-18.93,-27.0,55.71,-6,DESFAVORABLE
NVDX,14.42,BAJISTA,47.37,-17.74,-23.97,69.73,-6,DESFAVORABLE
CEG,275.16,NEUTRA_BAJISTA,38.48,-24.77,-22.83,57.57,-6,DESFAVORABLE
NVDU,99.93,BAJISTA,47.59,-16.65,-21.85,68.42,-6,DESFAVORABLE
NVDL,75.18,BAJISTA,47.71,-16.49,-21.64,69.19,-6,DESFAVORABLE
TSLS,63.35,NEUTRA_BAJISTA,17.19,-87.79,-88.21,42.23,-5,DESFAVORABLE
CMCM,5.67,MIXTA,37.02,-9.42,-32.18,58.3,-5,DESFAVORABLE
XPP,21.81,BAJISTA,41.52,-22.63,-29.71,46.27,-5,DESFAVORABLE
ODDS,23.69,BAJISTA,46.7,-19.3,-29.38,26.08,-5,DESFAVORABLE
TCEHY,62.4,BAJISTA,40.07,-22.53,-27.92,52.76,-5,DESFAVORABLE
NERD,20.62,BAJISTA,43.57,-15.72,-25.86,26.54,-5,DESFAVORABLE
CARU,20.64,BAJISTA,41.95,-32.42,-43.41,88.55,-6,DESFAVORABLE
YINN,31.83,BAJISTA,40.67,-33.17,-43.53,67.67,-6,DESFAVORABLE
TSLL,10.87,NEUTRA_BAJISTA,35.39,-39.55,-43.91,84.9,-6,DESFAVORABLE
WEBL,18.05,BAJISTA,48.13,-31.24,-44.18,75.61,-6,DESFAVORABLE
FAS,121.94,NEUTRA_BAJISTA,48.82,-27.76,-23.46,49.22,-3,DESFAVORABLE
WTID,4.38,BAJISTA,35.64,-60.23,-63.94,75.12,-8,DESFAVORABLE
SMCI,22.05,BAJISTA,36.79,-28.78,-58.0,158.79,-8,DESFAVORABLE
CWEB,26.17,BAJISTA,35.64,-39.73,-54.91,59.68,-8,DESFAVORABLE
DRIP,4.26,BAJISTA,35.63,-50.5,-49.93,59.33,-8,DESFAVORABLE
NAIL,38.76,BAJISTA,37.88,-24.53,-48.52,83.89,-8,DESFAVORABLE
MSFX,15.37,BAJISTA,37.17,-41.09,-53.27,44.15,-7,DESFAVORABLE
ESPO,89.28,BAJISTA,43.75,-14.99,-25.7,25.39,-5,DESFAVORABLE
MSFL,15.43,BAJISTA,37.52,-40.61,-51.2,43.8,-7,DESFAVORABLE
BSX,62.59,BAJISTA,27.55,-33.91,-34.95,39.36,-7,DESFAVORABLE
MSFT,372.88,BAJISTA,39.19,-20.98,-27.4,21.77,-7,DESFAVORABLE
PIN,20.36,BAJISTA,36.69,-16.25,-12.79,26.49,-7,DESFAVORABLE
SYK,332.3,BAJISTA,38.89,-4.3,-8.83,25.29,-7,DESFAVORABLE
LABD,15.88,NEUTRA_BAJISTA,39.75,-25.09,-57.19,124.07,-6,DESFAVORABLE
TARK,36.44,BAJISTA,45.22,-27.13,-46.71,83.77,-6,DESFAVORABLE
TSLT,15.21,NEUTRA_BAJISTA,35.3,-39.87,-44.69,84.4,-6,DESFAVORABLE
ERY,10.8,BAJISTA,39.5,-43.02,-47.23,44.0,-7,DESFAVORABLE
NTES,112.63,BAJISTA,43.36,-22.91,-25.46,21.66,-5,DESFAVORABLE
OILD,39.62,BAJISTA,36.3,-58.47,-64.59,66.79,-8,DESFAVORABLE
TTWO,196.69,BAJISTA,42.53,-21.82,-23.45,27.07,-5,DESFAVORABLE
EDZ,29.16,NEUTRA_BAJISTA,49.78,-10.38,-23.81,97.79,-4,DESFAVORABLE
HIBS,45.44,NEUTRA_BAJISTA,48.85,-3.87,-23.75,90.66,-4,DESFAVORABLE
BIDU,111.28,MIXTA,36.69,-25.96,-20.64,37.04,-4,DESFAVORABLE
TCHI,21.25,MIXTA,35.64,-12.67,-20.51,25.03,-4,DESFAVORABLE
EWV,21.86,NEUTRA_BAJISTA,47.22,-12.15,-20.14,64.05,-4,DESFAVORABLE
SRTY,37.73,NEUTRA_BAJISTA,46.83,-7.72,-15.69,72.12,-4,DESFAVORABLE
SMDD,10.89,NEUTRA_BAJISTA,46.81,-8.55,-14.91,61.9,-4,DESFAVORABLE
TSL,13.6,MIXTA,36.05,-24.86,-25.68,52.88,-4,DESFAVORABLE
MDT,86.28,MIXTA,37.15,-9.44,-8.23,16.13,-4,DESFAVORABLE
AI,8.77,NEUTRA_BAJISTA,47.56,-36.22,-51.92,51.73,-3,DESFAVORABLE
NTDOY,13.9,NEUTRA_BAJISTA,40.89,-17.51,-35.29,46.44,-3,DESFAVORABLE
NVO,36.67,NEUTRA_BAJISTA,43.68,-27.44,-35.28,28.11,-3,DESFAVORABLE
CRSP,49.15,MIXTA,48.34,-8.59,-32.5,61.68,-3,DESFAVORABLE
BULZ,19.25,MIXTA,47.52,-25.71,-30.17,97.17,-3,DESFAVORABLE
AETH,34.17,NEUTRA_BAJISTA,41.49,-5.59,-26.96,53.07,-3,DESFAVORABLE
HERO,25.52,BAJISTA,42.27,-15.31,-24.2,25.45,-5,DESFAVORABLE
MMM,144.5,MIXTA,38.95,-10.3,-8.2,28.56,-4,DESFAVORABLE
FLYU,35.86,NEUTRA_BAJISTA,47.52,-36.14,-34.28,93.05,-4,DESFAVORABLE
TZA,6.68,NEUTRA_BAJISTA,46.95,-7.47,-15.47,72.45,-4,DESFAVORABLE
RBLX,57.2,NEUTRA_BAJISTA,45.66,-29.34,-57.15,62.81,-4,DESFAVORABLE
INDL,42.36,BAJISTA,41.93,-26.67,-21.77,50.69,-5,DESFAVORABLE
DUST,48.31,NEUTRA_BAJISTA,44.97,-34.54,-54.04,118.07,-4,DESFAVORABLE
GAMR,75.85,BAJISTA,45.84,-16.53,-21.56,29.28,-5,DESFAVORABLE
META,573.02,BAJISTA,40.96,-11.82,-21.05,47.51,-5,DESFAVORABLE
CDNS,279.39,BAJISTA,43.62,-9.99,-19.54,25.26,-5,DESFAVORABLE
SNPS,397.07,BAJISTA,40.38,-17.35,-15.72,35.72,-5,DESFAVORABLE
UNG,11.37,BAJISTA,40.96,-5.72,-15.46,44.14,-5,DESFAVORABLE
EIDO,15.38,NEUTRA_BAJISTA,38.14,-18.23,-10.96,27.45,-5,DESFAVORABLE
UBOT,21.14,MIXTA,39.67,-19.21,-19.0,60.84,-5,DESFAVORABLE
TMF,36.39,BAJISTA,46.57,-1.3,-9.18,38.98,-5,DESFAVORABLE
ENZL,42.52,NEUTRA_BAJISTA,38.85,-6.49,-7.76,23.79,-5,DESFAVORABLE
GDXD,38.28,NEUTRA_BAJISTA,43.9,-55.12,-77.4,183.29,-4,DESFAVORABLE
BITX,15.57,NEUTRA_BAJISTA,47.59,-46.46,-73.2,74.7,-4,DESFAVORABLE
SOXS,34.55,NEUTRA_BAJISTA,43.48,-36.72,-61.66,128.15,-4,DESFAVORABLE
JDST,33.65,NEUTRA_BAJISTA,46.38,-35.59,-59.57,134.79,-4,DESFAVORABLE
FLIN,33.68,BAJISTA,43.24,-13.64,-9.75,25.56,-5,DESFAVORABLE
AOM,47.34,NEUTRA_ALCISTA,49.55,-0.42,1.37,11.3,1,ESPERAR
VIG,216.82,NEUTRA_ALCISTA,48.41,-1.33,0.73,13.98,1,ESPERAR
AAPX,26.5,NEUTRA_ALCISTA,52.76,-12.16,-6.63,41.02,1,ESPERAR
AOK,39.95,NEUTRA_ALCISTA,49.47,-0.2,1.25,9.94,1,ESPERAR
REK,16.64,NEUTRA_ALCISTA,47.39,-2.91,1.14,16.81,1,ESPERAR
XT,68.89,NEUTRA_ALCISTA,48.82,-1.87,0.78,23.4,1,ESPERAR
URTH,182.52,NEUTRA_ALCISTA,49.6,-2.14,0.74,19.4,1,ESPERAR
ARKQ,115.96,NEUTRA_ALCISTA,47.83,-2.09,0.57,41.12,1,ESPERAR
DRN,9.17,NEUTRA_BAJISTA,51.58,8.2,-3.8,52.14,1,ESPERAR
SIZE,161.03,NEUTRA_ALCISTA,49.81,-0.71,0.47,17.11,1,ESPERAR
AAPD,13.68,NEUTRA_BAJISTA,45.68,4.49,0.11,20.05,1,ESPERAR
EWQ,44.16,NEUTRA_ALCISTA,52.47,-2.54,-0.86,25.54,1,ESPERAR
SDOW,34.42,NEUTRA_BAJISTA,51.35,10.38,-0.94,49.49,1,ESPERAR
TLT,86.65,NEUTRA_ALCISTA,48.41,0.68,-1.07,13.37,1,ESPERAR
AAPB,28.11,NEUTRA_ALCISTA,52.95,-11.75,-4.13,39.2,1,ESPERAR
ACWI,140.15,NEUTRA_ALCISTA,49.52,-1.64,1.52,21.24,1,ESPERAR
KBA,29.89,NEUTRA_ALCISTA,46.12,-4.65,0.56,17.27,1,ESPERAR
AOR,64.54,NEUTRA_ALCISTA,49.39,-0.67,1.65,14.58,1,ESPERAR
CPER,34.3,NEUTRA_ALCISTA,47.55,-1.94,12.24,31.74,1,ESPERAR
AOA,89.0,NEUTRA_ALCISTA,49.59,-0.86,1.96,17.99,1,ESPERAR
RNECY,7.18,NEUTRA_ALCISTA,39.23,3.01,25.74,47.65,1,ESPERAR
ECH,40.05,NEUTRA_ALCISTA,49.07,-0.79,24.05,33.09,1,ESPERAR
UGI,36.3,NEUTRA_ALCISTA,46.66,-2.55,14.2,23.99,1,ESPERAR
GOOX,60.19,NEUTRA_ALCISTA,48.05,-14.67,33.27,65.78,0,ESPERAR
EZA,68.16,NEUTRA_ALCISTA,48.55,-1.79,11.96,45.1,1,ESPERAR
GNOM,44.05,NEUTRA_ALCISTA,49.15,-3.54,10.14,35.51,1,ESPERAR
IONS,74.33,NEUTRA_ALCISTA,48.12,-6.7,8.67,30.08,1,ESPERAR
BBH,186.62,NEUTRA_ALCISTA,47.62,-1.9,8.24,22.9,1,ESPERAR
EWN,58.33,NEUTRA_ALCISTA,48.27,-0.53,1.76,28.48,1,ESPERAR
FLSW,41.08,NEUTRA_ALCISTA,49.91,-1.55,5.67,21.51,1,ESPERAR
SQQQ,75.92,MIXTA,49.64,10.97,5.51,67.49,1,ESPERAR
EWL,59.32,NEUTRA_ALCISTA,49.33,-1.69,5.46,21.93,1,ESPERAR
NVDD,39.53,NEUTRA_BAJISTA,49.85,4.92,3.72,35.19,1,ESPERAR
VHT,272.11,NEUTRA_ALCISTA,43.52,-5.41,3.06,16.9,1,ESPERAR
IXJ,93.78,NEUTRA_ALCISTA,45.19,-4.04,3.03,16.17,1,ESPERAR
XLV,146.28,NEUTRA_ALCISTA,41.63,-5.55,3.01,15.57,1,ESPERAR
APH,126.49,NEUTRA_ALCISTA,44.17,-9.28,2.75,45.71,1,ESPERAR
SRET,21.3,NEUTRA_ALCISTA,46.92,-0.99,2.24,19.32,1,ESPERAR
FLYD,76.62,MIXTA,47.6,26.02,5.54,100.19,1,ESPERAR
PILL,10.46,NEUTRA_ALCISTA,48.57,-10.96,27.09,86.77,0,ESPERAR
JETD,4.78,NEUTRA_BAJISTA,51.04,4.12,-34.51,90.0,0,ESPERAR
DFEN,68.76,NEUTRA_ALCISTA,45.31,-2.22,10.28,85.49,0,ESPERAR
CHAU,19.87,NEUTRA_ALCISTA,40.99,-7.44,-3.53,34.14,-1,ESPERAR
EDEN,105.79,NEUTRA_BAJISTA,53.66,-8.62,-3.82,22.53,-1,ESPERAR
KOMP,60.02,NEUTRA_ALCISTA,49.38,-2.12,-4.26,31.27,-1,ESPERAR
AMZN,212.79,NEUTRA_BAJISTA,52.75,-6.05,-4.33,30.08,-1,ESPERAR
EUM,19.08,NEUTRA_BAJISTA,50.78,-2.06,-6.15,33.18,-1,ESPERAR
BIZD,12.53,NEUTRA_BAJISTA,53.12,-8.69,-7.9,24.78,-1,ESPERAR
MTUL,35.71,MIXTA,51.2,-6.7,-8.44,64.64,-1,ESPERAR
EPV,21.32,NEUTRA_BAJISTA,46.46,0.13,-8.78,50.0,-1,ESPERAR
ELV,302.61,NEUTRA_BAJISTA,52.58,-14.05,-10.05,24.91,-1,ESPERAR
LMB,80.11,NEUTRA_BAJISTA,48.41,1.32,-10.2,54.56,-1,ESPERAR
BETZ,18.34,NEUTRA_BAJISTA,53.29,-12.36,-18.6,27.17,-1,ESPERAR
UNH,281.36,NEUTRA_BAJISTA,52.57,-15.71,-19.3,27.78,-1,ESPERAR
GGLS,6.99,NEUTRA_BAJISTA,48.1,4.65,-19.31,35.63,-1,ESPERAR
HUM,182.65,NEUTRA_BAJISTA,56.0,-30.59,-28.22,35.23,-1,ESPERAR
DOCU,48.05,NEUTRA_BAJISTA,51.48,-25.91,-29.44,36.45,-1,ESPERAR
MSOX,2.75,MIXTA,53.83,-40.09,-69.75,149.53,-1,ESPERAR
FNGD,68.49,MIXTA,49.37,24.75,35.36,86.11,1,ESPERAR
HUYA,3.23,MIXTA,45.72,6.6,-1.52,81.51,-1,ESPERAR
JNUG,201.99,NEUTRA_ALCISTA,45.99,-0.23,24.03,137.46,0,ESPERAR
IXN,102.49,NEUTRA_ALCISTA,49.16,-3.22,-1.45,31.19,-1,ESPERAR
VTI,325.21,NEUTRA_ALCISTA,48.9,-3.0,-0.8,18.71,-1,ESPERAR
EDC,56.76,NEUTRA_ALCISTA,45.75,-3.15,7.95,97.66,0,ESPERAR
TPOR,29.62,NEUTRA_ALCISTA,48.67,-4.11,6.42,67.23,0,ESPERAR
TECS,18.95,NEUTRA_BAJISTA,47.84,10.84,4.39,83.34,0,ESPERAR
EIRL,69.28,MIXTA,48.87,-6.52,2.79,26.23,0,ESPERAR
GDXU,212.12,NEUTRA_ALCISTA,45.06,-12.37,1.49,185.18,0,ESPERAR
BMRN,56.21,MIXTA,46.67,-5.45,1.15,27.61,0,ESPERAR
HIBL,62.1,NEUTRA_ALCISTA,47.17,-10.27,0.75,84.52,0,ESPERAR
KBWD,12.77,MIXTA,53.02,-4.49,-0.0,23.26,0,ESPERAR
USMV,93.42,MIXTA,47.48,0.16,-0.67,11.13,0,ESPERAR
PHG,27.2,MIXTA,42.41,0.48,-2.05,28.07,0,ESPERAR
KWT,36.62,MIXTA,53.11,-4.33,-3.41,15.38,0,ESPERAR
XLK,136.78,MIXTA,50.46,-5.09,-4.14,27.42,0,ESPERAR
TEL,209.73,MIXTA,50.74,-9.8,-4.86,36.59,0,ESPERAR
VGT,716.22,MIXTA,50.51,-5.16,-5.32,27.51,0,ESPERAR
DOC,16.67,MIXTA,45.47,4.77,-9.93,25.39,0,ESPERAR
JETU,24.79,MIXTA,42.93,-20.27,11.41,88.93,-1,ESPERAR
PM,160.34,NEUTRA_BAJISTA,38.6,0.92,4.35,31.9,-1,ESPERAR
SHRT,7.36,NEUTRA_BAJISTA,52.39,-3.35,-0.88,17.43,-1,ESPERAR
STLA,7.48,NEUTRA_BAJISTA,56.24,-34.5,-28.08,42.73,-1,ESPERAR
SETH,46.78,MIXTA,46.32,26.82,62.89,61.38,1,ESPERAR
ARM,148.77,NEUTRA_ALCISTA,59.97,29.67,-2.22,80.78,2,ESPERAR
AXSM,169.74,NEUTRA_ALCISTA,55.75,-5.01,41.52,39.35,3,ESPERAR
AMD,220.18,NEUTRA_ALCISTA,58.97,-1.47,29.72,53.06,3,ESPERAR
AIBD,9.49,MIXTA,50.1,22.4,29.68,64.52,3,ESPERAR
GILD,140.13,NEUTRA_ALCISTA,48.05,15.89,28.31,21.36,3,ESPERAR
REGN,763.04,NEUTRA_ALCISTA,51.36,-1.59,27.49,27.27,3,ESPERAR
MRVL,109.51,NEUTRA_ALCISTA,69.2,22.6,27.22,70.74,3,ESPERAR
ASML,1304.01,NEUTRA_ALCISTA,44.54,12.2,26.97,47.16,3,ESPERAR
CRSH,27.65,MIXTA,65.25,22.8,25.95,29.73,3,ESPERAR
CARD,3.42,MIXTA,52.22,25.41,25.0,86.93,3,ESPERAR
GOOGL,299.99,NEUTRA_ALCISTA,50.97,-4.74,22.27,34.94,3,ESPERAR
IAU,87.61,NEUTRA_ALCISTA,45.31,7.42,20.59,36.52,3,ESPERAR
GLD,427.65,NEUTRA_ALCISTA,45.32,7.37,20.54,36.6,3,ESPERAR
FAZ,49.3,NEUTRA_ALCISTA,48.18,30.15,19.74,47.87,3,ESPERAR
EIS,118.36,NEUTRA_ALCISTA,48.45,5.68,19.61,33.65,3,ESPERAR
FLTW,68.44,NEUTRA_ALCISTA,49.6,10.24,18.94,35.59,3,ESPERAR
TAN,54.16,NEUTRA_ALCISTA,45.45,4.96,17.28,36.45,3,ESPERAR
VZ,49.15,NEUTRA_ALCISTA,45.39,23.4,17.19,14.81,3,ESPERAR
MLPA,53.59,NEUTRA_ALCISTA,47.45,12.03,15.67,12.19,3,ESPERAR
IFNNY,45.97,NEUTRA_ALCISTA,49.08,3.4,15.29,49.22,3,ESPERAR
ASEA,19.37,NEUTRA_ALCISTA,49.41,5.16,13.96,22.58,3,ESPERAR
HCA,483.92,NEUTRA_ALCISTA,41.14,3.03,13.75,21.1,3,ESPERAR
ICLN,17.89,NEUTRA_ALCISTA,45.99,4.62,13.46,34.63,3,ESPERAR
IBB,168.83,NEUTRA_ALCISTA,52.3,-0.03,13.04,27.62,3,ESPERAR
PBE,78.85,NEUTRA_ALCISTA,51.52,-4.14,10.18,24.28,3,ESPERAR
INCY,94.86,NEUTRA_ALCISTA,50.38,-6.47,9.94,26.9,3,ESPERAR
YANG,30.07,MIXTA,55.75,36.55,48.8,66.56,3,ESPERAR
MRNA,48.77,NEUTRA_ALCISTA,45.01,58.04,71.91,51.01,3,ESPERAR
DZZ,2.74,NEUTRA_ALCISTA,51.74,-23.75,79.41,52.13,3,ESPERAR
DOG,24.25,MIXTA,52.72,4.3,1.46,16.65,4,ESPERAR
KURE,17.88,MIXTA,60.41,2.82,-13.31,28.89,2,ESPERAR
STX,453.3,NEUTRA_ALCISTA,61.56,57.92,78.72,76.66,4,ESPERAR
LABU,170.45,NEUTRA_ALCISTA,56.21,8.22,70.56,112.69,4,ESPERAR
BRZU,112.25,NEUTRA_ALCISTA,57.34,37.71,62.68,75.4,4,ESPERAR
UBR,37.03,NEUTRA_ALCISTA,57.28,37.66,61.59,74.25,4,ESPERAR
VRT,258.73,NEUTRA_ALCISTA,53.03,47.37,60.16,68.24,4,ESPERAR
SOXL,54.81,NEUTRA_ALCISTA,51.42,16.02,40.25,125.16,4,ESPERAR
INTC,50.78,NEUTRA_ALCISTA,61.25,28.95,36.14,70.35,4,ESPERAR
MEXX,29.94,NEUTRA_ALCISTA,52.32,18.18,35.23,93.83,4,ESPERAR
BIB,81.04,NEUTRA_ALCISTA,51.31,1.76,28.06,55.41,4,ESPERAR
SARK,32.48,MIXTA,51.11,9.58,20.24,41.57,4,ESPERAR
ESUS,35.29,NEUTRA_ALCISTA,67.38,12.21,19.73,0.0,4,ESPERAR
HDLB,17.31,NEUTRA_ALCISTA,49.06,17.21,9.33,30.79,3,ESPERAR
UTSL,49.65,NEUTRA_ALCISTA,52.57,19.31,11.16,55.61,4,ESPERAR
TMV,37.02,MIXTA,52.18,0.1,8.56,39.31,4,ESPERAR
TTT,66.5,MIXTA,51.79,0.1,7.0,38.61,4,ESPERAR
MIDU,54.11,NEUTRA_ALCISTA,50.2,2.67,5.71,62.0,4,ESPERAR
PSQ,31.59,MIXTA,51.05,4.87,4.51,22.6,4,ESPERAR
SPDN,9.82,MIXTA,52.09,4.69,3.98,18.85,4,ESPERAR
SH,37.45,MIXTA,52.03,4.55,3.62,18.38,4,ESPERAR
DWSH,6.51,MIXTA,51.38,1.16,2.64,18.55,4,ESPERAR
OPER,100.14,ALCISTA,97.41,0.95,1.98,0.18,4,ESPERAR
BILZ,100.73,ALCISTA,99.11,0.88,1.89,0.16,4,ESPERAR
BIL,91.44,ALCISTA,97.11,0.88,1.87,0.2,4,ESPERAR
SHV,110.13,ALCISTA,100.0,0.85,1.85,0.19,4,ESPERAR
SPCX,21.98,MIXTA,59.77,0.78,1.85,2.48,4,ESPERAR
WEAT,22.85,MIXTA,52.39,14.25,9.86,24.92,4,ESPERAR
EWM,28.22,NEUTRA_ALCISTA,43.06,2.92,9.14,20.29,3,ESPERAR
BITI,25.32,NEUTRA_ALCISTA,48.55,20.16,57.26,36.67,3,ESPERAR
DJD,59.29,NEUTRA_ALCISTA,42.88,4.25,8.05,11.43,3,ESPERAR
GRMN,242.79,NEUTRA_ALCISTA,57.6,20.39,-5.03,28.75,3,ESPERAR
CLDL,14.14,NEUTRA_ALCISTA,52.75,18.45,-13.53,35.51,3,ESPERAR
KORU,302.06,NEUTRA_ALCISTA,45.24,44.87,155.51,200.41,2,ESPERAR
MU,377.76,NEUTRA_ALCISTA,47.4,19.81,105.88,78.27,2,ESPERAR
EVAV,28.62,NEUTRA_ALCISTA,45.44,27.73,77.91,82.58,2,ESPERAR
SLV,66.09,NEUTRA_ALCISTA,44.75,0.52,55.4,60.18,2,ESPERAR
EWY,125.94,NEUTRA_ALCISTA,48.7,23.2,54.16,69.05,2,ESPERAR
FLKR,40.79,NEUTRA_ALCISTA,48.48,22.09,50.9,67.31,2,ESPERAR
LRCX,220.65,NEUTRA_ALCISTA,49.68,19.37,50.54,63.58,2,ESPERAR
WEBS,27.13,NEUTRA_ALCISTA,48.01,29.81,49.53,76.94,2,ESPERAR
ATEYY,138.95,NEUTRA_ALCISTA,44.75,7.29,33.86,77.54,2,ESPERAR
SHNY,13.57,NEUTRA_ALCISTA,42.34,2.31,30.98,109.58,2,ESPERAR
OOTO,18.87,NEUTRA_ALCISTA,63.4,46.97,-4.56,30.4,3,ESPERAR
NUGT,196.38,NEUTRA_ALCISTA,48.39,6.99,25.27,118.12,2,ESPERAR
TSLQ,26.99,NEUTRA_BAJISTA,61.96,41.23,21.73,83.78,2,ESPERAR
TSDD,11.46,NEUTRA_BAJISTA,61.88,41.13,21.35,83.92,2,ESPERAR
TSLZ,17.43,NEUTRA_BAJISTA,61.67,39.66,19.51,84.49,2,ESPERAR
CLS,292.3,NEUTRA_ALCISTA,53.67,-3.34,16.5,77.91,2,ESPERAR
EZJ,55.8,NEUTRA_ALCISTA,49.92,7.49,16.36,56.54,2,ESPERAR
DUSL,76.79,NEUTRA_ALCISTA,46.37,7.94,13.35,66.48,2,ESPERAR
BNKU,28.19,NEUTRA_ALCISTA,54.43,-20.93,8.01,59.6,2,ESPERAR
EURL,40.09,NEUTRA_ALCISTA,50.74,-5.94,6.81,71.33,2,ESPERAR
AMZD,10.78,MIXTA,46.73,5.5,2.48,30.4,2,ESPERAR
EA,204.16,NEUTRA_ALCISTA,66.38,-0.03,1.76,4.47,2,ESPERAR
OMF,54.97,MIXTA,54.85,-18.92,1.08,31.37,2,ESPERAR
SEF,33.73,NEUTRA_ALCISTA,49.4,10.32,8.2,16.55,3,ESPERAR
GFS,43.61,NEUTRA_ALCISTA,47.61,18.28,22.02,55.06,2,ESPERAR
KSA,39.25,NEUTRA_ALCISTA,58.04,6.74,-1.87,24.21,3,ESPERAR
TNA,46.47,NEUTRA_ALCISTA,50.07,-0.91,0.36,71.19,2,ESPERAR
QCLN,46.52,NEUTRA_ALCISTA,47.55,0.1,8.03,44.88,3,ESPERAR
FLSA,33.83,NEUTRA_ALCISTA,58.2,7.19,-1.41,24.61,3,ESPERAR
KALL,22.25,NEUTRA_ALCISTA,56.53,-2.15,7.99,18.55,3,ESPERAR
FBT,200.97,NEUTRA_ALCISTA,52.7,-3.25,7.45,28.93,3,ESPERAR
EEM,57.11,NEUTRA_ALCISTA,48.1,1.55,7.13,32.79,3,ESPERAR
FLAX,30.72,NEUTRA_ALCISTA,46.89,1.0,6.72,31.98,3,ESPERAR
EWI,54.67,NEUTRA_ALCISTA,56.3,-0.89,5.84,28.19,3,ESPERAR
UPV,88.57,NEUTRA_ALCISTA,50.95,-3.54,5.83,48.97,3,ESPERAR
QDIV,36.53,NEUTRA_ALCISTA,44.64,5.22,5.54,9.78,3,ESPERAR
SPXS,38.96,MIXTA,50.7,11.37,5.47,55.45,3,ESPERAR
SPXU,54.62,MIXTA,50.67,11.19,5.22,55.45,3,ESPERAR
VSGX,72.39,NEUTRA_ALCISTA,49.14,0.23,5.16,28.23,3,ESPERAR
FLEE,36.84,NEUTRA_ALCISTA,52.05,-0.72,5.14,24.17,3,ESPERAR
ESGE,45.73,NEUTRA_ALCISTA,47.78,0.64,5.79,33.06,3,ESPERAR
EWD,49.63,NEUTRA_ALCISTA,49.32,0.06,4.81,29.87,3,ESPERAR
VGK,83.78,NEUTRA_ALCISTA,52.26,-0.46,5.01,24.73,3,ESPERAR
EUSB,43.46,NEUTRA_ALCISTA,49.36,0.08,0.8,5.32,3,ESPERAR
FUMB,20.06,NEUTRA_ALCISTA,49.33,0.54,1.13,0.85,3,ESPERAR
PFRL,48.83,NEUTRA_ALCISTA,56.3,-0.19,1.35,2.33,3,ESPERAR
RSP,193.92,NEUTRA_ALCISTA,49.34,0.98,2.59,14.79,3,ESPERAR
FLEU,32.84,NEUTRA_ALCISTA,50.9,-2.17,1.71,28.14,3,ESPERAR
BND,73.47,NEUTRA_ALCISTA,49.05,0.2,0.7,5.85,3,ESPERAR
JEPQ,55.92,NEUTRA_ALCISTA,50.69,-1.12,3.04,20.71,3,ESPERAR
SPHD,49.75,NEUTRA_ALCISTA,48.7,4.44,3.06,11.4,3,ESPERAR
NOBL,106.16,NEUTRA_ALCISTA,43.63,2.12,3.96,12.02,3,ESPERAR
MCD,309.76,NEUTRA_ALCISTA,41.25,2.71,4.49,17.35,3,ESPERAR
GREK,65.85,NEUTRA_ALCISTA,51.75,-2.36,3.04,32.26,3,ESPERAR
VALE,16.14,NEUTRA_ALCISTA,58.49,21.72,54.21,38.44,5,FAVORABLE
ARGT,92.97,NEUTRA_ALCISTA,58.43,2.02,36.16,30.29,5,FAVORABLE
RIO,94.01,NEUTRA_ALCISTA,58.9,18.68,45.85,34.49,5,FAVORABLE
UGA,106.62,ALCISTA,65.31,74.05,72.08,66.84,5,FAVORABLE
DBA,27.28,ALCISTA,67.71,6.73,5.94,8.44,6,FAVORABLE
USO,138.94,ALCISTA,72.52,101.48,94.21,75.06,5,FAVORABLE
ARKZ,44.5,NEUTRA_ALCISTA,52.18,67.87,121.89,26.03,5,FAVORABLE
TUSI,25.34,ALCISTA,70.95,1.04,1.99,0.75,6,FAVORABLE
TBUX,49.78,ALCISTA,65.73,0.91,2.07,0.88,6,FAVORABLE
FLBR,24.06,NEUTRA_ALCISTA,60.47,24.92,36.15,37.96,5,FAVORABLE
BNO,54.67,ALCISTA,67.13,93.52,87.23,70.36,5,FAVORABLE
BMY,59.33,NEUTRA_ALCISTA,52.16,12.12,34.45,22.58,5,FAVORABLE
TSM,341.76,NEUTRA_ALCISTA,50.27,7.23,19.28,46.58,5,FAVORABLE
EWZ,38.54,NEUTRA_ALCISTA,58.54,19.69,31.91,37.21,5,FAVORABLE
ON,63.49,NEUTRA_ALCISTA,54.8,11.98,30.26,54.4,5,FAVORABLE
LMT,637.9,NEUTRA_ALCISTA,53.94,29.01,29.39,24.26,5,FAVORABLE
FLLA,28.56,NEUTRA_ALCISTA,58.23,17.53,29.1,32.85,5,FAVORABLE
COLO,40.0,NEUTRA_ALCISTA,60.56,13.25,28.39,20.26,5,FAVORABLE
MPWR,1180.03,NEUTRA_ALCISTA,60.7,26.28,27.28,53.15,5,FAVORABLE
XBI,128.8,NEUTRA_ALCISTA,58.2,5.99,25.96,38.63,5,FAVORABLE
SCDL,49.08,NEUTRA_ALCISTA,50.47,21.87,25.74,14.65,5,FAVORABLE
SOXX,344.1,NEUTRA_ALCISTA,53.8,9.76,22.41,42.0,5,FAVORABLE
KMI,33.19,NEUTRA_ALCISTA,51.62,20.94,20.1,19.72,5,FAVORABLE
IDNA,29.06,NEUTRA_ALCISTA,50.28,10.83,19.51,31.53,5,FAVORABLE
AFTY,16.31,ALCISTA,74.4,14.73,19.72,43.64,6,FAVORABLE
EFNL,50.76,NEUTRA_ALCISTA,59.43,4.77,19.45,23.62,5,FAVORABLE
EPU,81.98,NEUTRA_ALCISTA,51.13,12.75,34.22,43.28,5,FAVORABLE
STM,35.44,ALCISTA,60.84,29.85,23.44,56.12,6,FAVORABLE
FLUD,24.93,ALCISTA,55.53,0.65,1.79,1.44,7,FAVORABLE
UTHR,559.65,ALCISTA,58.05,12.67,26.21,60.51,6,FAVORABLE
AMAT,352.62,ALCISTA,51.79,31.31,58.21,52.15,7,FAVORABLE
XXCH,32.7,ALCISTA,62.82,22.21,53.84,40.1,7,FAVORABLE
MSFD,14.65,ALCISTA,59.97,25.18,37.01,22.09,7,FAVORABLE
JAZZ,186.85,ALCISTA,56.24,7.91,36.18,25.15,7,FAVORABLE
KLAC,1540.06,ALCISTA,56.46,21.0,35.58,49.72,7,FAVORABLE
MRAAY,12.05,ALCISTA,56.44,15.75,28.33,47.6,7,FAVORABLE
NVT,117.41,ALCISTA,50.72,10.12,18.54,53.49,7,FAVORABLE
FDL,50.46,ALCISTA,59.56,13.66,18.13,9.15,7,FAVORABLE
YXI,21.86,ALCISTA,55.22,12.31,16.6,26.37,7,FAVORABLE
TYO,13.67,ALCISTA,56.13,3.64,6.82,21.21,7,FAVORABLE
PFE,27.83,ALCISTA,55.52,12.38,6.33,23.27,7,FAVORABLE
MO,66.55,ALCISTA,57.09,18.07,4.8,20.46,7,FAVORABLE
USCI,96.63,ALCISTA,66.29,24.73,25.15,23.75,6,FAVORABLE
TBF,24.2,ALCISTA,53.46,0.59,3.78,12.86,7,FAVORABLE
JPST,50.45,ALCISTA,63.72,0.67,1.84,0.79,7,FAVORABLE
PULT,50.28,ALCISTA,55.45,0.52,1.64,0.58,7,FAVORABLE
BAMU,25.24,ALCISTA,62.47,0.52,1.32,0.56,7,FAVORABLE
JMST,50.93,ALCISTA,61.02,0.62,1.31,0.68,7,FAVORABLE
NRGU,43.94,ALCISTA,58.95,136.62,127.08,83.8,6,FAVORABLE
OILU,50.87,ALCISTA,56.82,107.8,117.11,69.77,6,FAVORABLE
WTIU,20.95,ALCISTA,55.79,109.5,106.61,79.67,6,FAVORABLE
GLW,146.5,ALCISTA,57.91,61.88,78.47,70.56,6,FAVORABLE
GUSH,42.77,ALCISTA,60.41,87.92,76.81,58.73,6,FAVORABLE
PBR,20.86,ALCISTA,69.83,75.0,67.68,38.67,6,FAVORABLE
DBC,29.48,ALCISTA,66.29,31.67,36.4,27.52,6,FAVORABLE
NORW,38.33,ALCISTA,66.75,26.04,28.82,24.73,6,FAVORABLE
TBX,28.11,ALCISTA,56.87,1.56,2.68,6.84,7,FAVORABLE
DELL,173.18,NEUTRA_ALCISTA,63.48,36.1,18.45,50.88,5,FAVORABLE
SUSB,24.98,NEUTRA_ALCISTA,50.57,0.13,1.11,3.28,5,FAVORABLE
DVYE,34.4,NEUTRA_ALCISTA,55.43,9.16,18.45,20.92,5,FAVORABLE
SDIV,25.25,NEUTRA_ALCISTA,52.45,5.91,10.33,21.68,5,FAVORABLE
SDOG,65.2,NEUTRA_ALCISTA,55.99,7.83,10.05,10.43,5,FAVORABLE
DUK,131.41,NEUTRA_ALCISTA,57.35,12.85,9.96,15.93,5,FAVORABLE
VEA,65.12,NEUTRA_ALCISTA,51.7,3.21,9.64,26.64,5,FAVORABLE
RDIV,55.53,NEUTRA_ALCISTA,55.5,6.45,8.93,10.24,5,FAVORABLE
T,28.32,NEUTRA_ALCISTA,52.13,16.66,7.22,23.33,5,FAVORABLE
VYM,148.69,NEUTRA_ALCISTA,50.62,3.32,6.85,12.13,5,FAVORABLE
PRF,48.09,NEUTRA_ALCISTA,52.82,2.05,6.84,13.9,5,FAVORABLE
DPST,103.36,NEUTRA_ALCISTA,55.9,0.93,6.55,49.38,5,FAVORABLE
IEFA,91.89,NEUTRA_ALCISTA,51.96,1.7,6.37,25.19,5,FAVORABLE
EXEL,43.98,NEUTRA_ALCISTA,60.43,0.92,6.36,24.21,5,FAVORABLE
SPYD,45.73,NEUTRA_ALCISTA,52.75,5.93,6.35,10.9,5,FAVORABLE
FLCA,49.68,NEUTRA_ALCISTA,53.18,2.45,10.5,19.36,5,FAVORABLE
EWK,25.05,NEUTRA_ALCISTA,54.95,2.41,6.13,26.34,5,FAVORABLE
ESGD,97.11,NEUTRA_ALCISTA,51.6,1.05,5.33,25.44,5,FAVORABLE
FLAU,33.57,NEUTRA_ALCISTA,51.09,5.79,5.19,25.72,5,FAVORABLE
IWML,24.21,NEUTRA_ALCISTA,51.39,1.51,4.36,53.04,5,FAVORABLE
SMMV,44.35,NEUTRA_ALCISTA,54.4,3.03,4.14,12.58,5,FAVORABLE
PEY,21.48,NEUTRA_ALCISTA,57.0,5.7,4.02,11.93,5,FAVORABLE
IWM,252.36,NEUTRA_ALCISTA,51.78,1.62,3.95,23.82,5,FAVORABLE
VOOV,205.43,NEUTRA_ALCISTA,50.47,0.37,3.69,12.77,5,FAVORABLE
MCHP,67.22,NEUTRA_ALCISTA,52.19,3.98,3.17,42.23,5,FAVORABLE
SMLF,76.57,NEUTRA_ALCISTA,52.86,1.17,2.96,22.76,5,FAVORABLE
TLTW,22.5,NEUTRA_ALCISTA,51.4,1.94,2.09,12.41,5,FAVORABLE
YEAR,50.28,NEUTRA_ALCISTA,53.31,0.56,1.57,0.98,5,FAVORABLE
EWS,28.46,NEUTRA_ALCISTA,56.09,2.56,0.84,22.39,5,FAVORABLE
EWA,28.22,NEUTRA_ALCISTA,50.87,6.61,5.6,28.12,5,FAVORABLE
KO,77.22,NEUTRA_ALCISTA,55.8,12.49,18.45,13.02,5,FAVORABLE
EWC,55.49,NEUTRA_ALCISTA,52.48,2.4,10.66,19.61,5,FAVORABLE
FLJP,36.71,NEUTRA_ALCISTA,51.68,5.7,11.04,28.65,5,FAVORABLE
FLJH,41.18,NEUTRA_ALCISTA,55.19,8.74,17.6,25.34,5,FAVORABLE
EWJV,43.18,NEUTRA_ALCISTA,53.35,8.22,16.78,26.35,5,FAVORABLE
FLMX,37.21,NEUTRA_ALCISTA,54.71,9.38,16.69,31.36,5,FAVORABLE
EPOL,37.04,NEUTRA_ALCISTA,57.69,2.18,16.69,32.23,5,FAVORABLE
EWT,71.29,NEUTRA_ALCISTA,50.6,10.07,16.51,34.29,5,FAVORABLE
ET,18.96,NEUTRA_ALCISTA,51.23,16.43,16.46,17.69,5,FAVORABLE
VLUE,146.25,NEUTRA_ALCISTA,53.23,5.41,16.4,19.92,5,FAVORABLE
THD,68.37,NEUTRA_ALCISTA,53.13,14.12,16.38,33.64,5,FAVORABLE
EWW,76.2,NEUTRA_ALCISTA,54.92,9.39,16.09,31.44,5,FAVORABLE
DBB,23.53,NEUTRA_ALCISTA,50.3,2.26,15.87,23.29,5,FAVORABLE
VPL,99.34,NEUTRA_ALCISTA,50.53,8.21,15.39,32.95,5,FAVORABLE
EWO,36.17,NEUTRA_ALCISTA,54.42,1.06,15.26,28.41,5,FAVORABLE
EWJ,85.57,NEUTRA_ALCISTA,51.13,5.21,10.76,29.18,5,FAVORABLE
TUR,39.14,NEUTRA_ALCISTA,52.02,12.08,14.78,25.51,5,FAVORABLE
SCHD,30.64,NEUTRA_ALCISTA,52.24,11.43,14.17,7.79,5,FAVORABLE
FTV,56.71,NEUTRA_ALCISTA,55.52,2.5,14.17,25.47,5,FAVORABLE
EWP,55.29,NEUTRA_ALCISTA,56.64,1.08,13.57,26.55,5,FAVORABLE
FLHK,19.17,NEUTRA_ALCISTA,53.59,9.68,12.92,9.04,5,FAVORABLE
PEP,156.73,NEUTRA_ALCISTA,51.16,11.18,12.2,18.34,5,FAVORABLE
EWU,46.42,NEUTRA_ALCISTA,55.24,4.41,11.97,22.41,5,FAVORABLE
EWZS,14.79,NEUTRA_ALCISTA,55.24,13.69,11.57,49.23,5,FAVORABLE
SCJ,99.63,NEUTRA_ALCISTA,54.29,8.0,11.48,25.15,5,FAVORABLE
COST,1018.55,NEUTRA_ALCISTA,64.23,19.36,11.41,13.24,5,FAVORABLE
FLGB,35.5,NEUTRA_ALCISTA,56.11,4.29,11.18,22.69,5,FAVORABLE
IWDL,50.4,NEUTRA_ALCISTA,51.48,8.17,11.09,28.28,5,FAVORABLE
TXN,199.42,NEUTRA_ALCISTA,53.11,13.07,11.08,31.79,5,FAVORABLE
VYMI,95.34,NEUTRA_ALCISTA,54.81,5.67,14.42,21.45,5,FAVORABLE
ERX,97.73,ALCISTA,56.9,68.87,79.01,45.79,7,FAVORABLE
